Exp_time,Van,OC6,FP1_emit1
5.28E-05,0,0,0.045563853
0.016730556,0,0,0.04540855
0.033413889,0,0,0.045471818
0.050097222,0,0,0.045316456
0.066777778,0,0,0.045408931
0.083463889,0,0,0.045922208
0.100141667,0,0,0.045414628
0.116827778,0,0,0.045471674
0.133505556,0,0,0.045380673
0.150186111,0,0,0.045129748
0.166863889,0,0,0.045585834
0.183541667,0,0,0.04519774
0.200219444,0,0,0.045342533
0.216916667,0,0,0.043757232
0.233597222,0,0,0.043950253
0.250280556,0,0,0.044205369
0.266977778,0,0,0.043823038
0.283661111,0,0,0.043871647
0.300344444,0,0,0.043671278
0.317027778,0,0,0.043997486
0.333711111,0,0,0.043724442
0.350394444,0,0,0.04358922
0.367075,0,0,0.04415011
0.383752778,0,0,0.044010036
0.400447222,0,0,0.043070405
0.417144444,0,0,0.043684319
0.433825,0,0,0.04413606
0.450508333,0,0,0.043496018
0.467186111,0,0,0.04326391
0.483863889,0,0,0.043579609
0.500544444,0,0,0.043398719
0.517227778,0,0,0.043367865
0.533908333,0,0,0.043112091
0.550591667,0,0,0.043146699
0.567269444,0,0,0.043204949
0.583952778,0,0,0.043307878
0.60065,0,0,0.043052257
0.617333333,0,0,0.043066062
0.634008333,0,0,0.043230831
0.650688889,0,0,0.043287889
0.667366667,0,0,0.043034997
0.684044444,0,0,0.043087445
0.70075,0,0,0.043043436
0.717444444,0,0,0.042723503
0.734119444,0,0,0.042518939
0.750819444,0,0,0.042902696
0.767497222,0,0,0.042411134
0.784183333,0,0,0.042062671
0.800872222,0,0,0.042704965
0.817555556,0,0,0.042242991
0.834238889,0,0,0.042007537
0.850938889,0,0,0.042093603
0.867625,0,0,0.042172583
0.884313889,0,0,0.042600897
0.901,0,0,0.041972141
0.917702778,0,0,0.042104285
0.934405556,0,0,0.041636883
0.951086111,0,0,0.041943408
0.967763889,0,0,0.042261302
0.984461111,0,0,0.041719803
1.001155556,0,0,0.041891892
1.017844444,0,0,0.041662989
1.034536111,0,0,0.041391458
1.051219444,0,0,0.041543027
1.067894444,0,0,0.041630226
1.084577778,0,0,0.041576627
1.101263889,0,0,0.041556844
1.11795,0,0,0.041117145
1.13465,0,0,0.041532153
1.151327778,0,0,0.041368612
1.168013889,0,0,0.041761314
1.1847,0,0,0.040838304
1.201380556,0,0,0.040936156
1.218069444,0,0,0.041058166
1.23475,0,0,0.040531829
1.251444444,0,0,0.040718854
1.268133333,0,0,0.040854757
1.284825,0,0,0.040116416
1.301511111,0,0,0.04015748
1.318188889,0,0,0.040786599
1.334869444,0,0,0.040309089
1.351547222,0,0,0.040412793
1.368227778,0,0,0.039606909
1.384913889,0,0,0.040832602
1.401605556,0,0,0.04007722
1.418291667,0,0,0.039427313
1.434980556,0,0,0.039875908
1.451666667,0,0,0.040055249
1.468361111,0,0,0.039915171
1.485047222,0,0,0.039779589
1.501727778,0,0,0.039289598
1.518408333,0,0,0.039630119
1.535088889,0,0,0.039719454
1.551783333,0,0,0.039107348
1.568463889,0,0,0.03916614
1.585155556,0,0,0.039526542
1.601838889,0,0,0.03956373
1.618516667,0,0,0.039034095
1.635197222,0,0,0.03905112
1.651894444,0,0,0.03973558
1.668583333,0,0,0.038673662
1.685266667,0,0,0.03902439
1.70195,0,0,0.038965447
1.718630556,0,0,0.039746999
1.735316667,0,0,0.038820802
1.752005556,0,0,0.03937061
1.768691667,0,0,0.038717846
1.785375,0,0,0.038715209
1.802058333,0,0,0.038370683
1.818741667,0,0,0.038604742
1.835447222,0,0,0.038689894
1.852127778,0,0,0.03828944
1.868808333,0,0,0.037935706
1.885488889,0,0,0.03864547
1.902172222,0,0,0.038415442
1.918875,0,0,0.037951363
1.935552778,0,0,0.038294564
1.952255556,0,0,0.039442005
1.968944444,0,0,0.039100346
1.985625,0,0,0.038398209
2.002305556,0,0,0.038717566
2.018983333,0,0,0.037906252
2.035663889,0,0,0.038272816
2.052341667,0,0,0.038613398
2.069022222,0,0,0.037663721
2.0857,0,0,0.038209676
2.102377778,0,0,0.038129358
2.119058333,0,0,0.037550724
2.135741667,0,0,0.03798402
2.152441667,0,0,0.0381089
2.169119444,0,0,0.038255888
2.185805556,0,0,0.038843659
2.202483333,0,0,0.038209159
2.219166667,0,0,0.038480038
2.235847222,0,0,0.03818095
2.252527778,0,0,0.038044576
2.269205556,0,0,0.038181697
2.285886111,0,0,0.037469966
2.302566667,0,0,0.038495306
2.319244444,0,0,0.038394649
2.335927778,0,0,0.037304075
2.352605556,0,0,0.037234376
2.369286111,0,0,0.03762771
2.385966667,0,0,0.037264766
2.40265,0,0,0.037302024
2.419327778,0,0,0.03696716
2.436011111,0,0,0.038064061
2.452686111,0,0,0.037745539
2.469366667,0,0,0.038847477
2.486044444,0,0,0.038623494
2.502725,0,0,0.038102483
2.519402778,0,0,0.037572835
2.536083333,0,0,0.038266742
2.552761111,0,0,0.038188949
2.569441667,0,0,0.037175681
2.586133333,0,0,0.03861031
2.602811111,0,0,0.037164312
2.619519444,0,0,0.038109961
2.636208333,0,0,0.03801851
2.652886111,0,0,0.037741956
2.669569444,0,0,0.037490485
2.686252778,0,0,0.037422037
2.702933333,0,0,0.037517224
2.719613889,0,0,0.037904627
2.736291667,0,0,0.037290048
2.752975,0,0,0.037285424
2.769669444,0,0,0.037955126
2.786344444,0,0,0.038397096
2.803022222,0,0,0.038688525
2.819702778,0,0,0.038544513
2.836394444,0,0,0.037791698
2.853069444,0,0,0.038965822
2.86975,0,0,0.038560046
2.886430556,0,0,0.037880342
2.903108333,0,0,0.037817396
2.9198,0,0,0.037997135
2.936475,0,0,0.038683069
2.953155556,0,0,0.037576388
2.969836111,0,0,0.037897146
2.986511111,0,0,0.037806072
3.003191667,0,0,0.03809975
3.019886111,0,0,0.036527456
3.036572222,0,0,0.037382584
3.053252778,0,0,0.037822759
3.069930556,0,0,0.036658192
3.086611111,0,0,0.037473303
3.103288889,0,0,0.037383178
3.119975,0,0,0.038428387
3.136652778,0,0,0.037309476
3.153330556,0,0,0.038239281
3.170008333,0,0,0.038050271
3.186686111,0,0,0.037287455
3.203369444,0,0,0.038021785
3.22005,0,0,0.037505768
3.236738889,0,0,0.038221911
3.253422222,0,0,0.03735595
3.2701,0,0,0.037420279
3.286780556,0,0,0.037570904
3.303469444,0,0,0.037095953
3.32015,0,0,0.03764001
3.336827778,0,0,0.037159218
3.353505556,0,0,0.037576388
3.370186111,0,0,0.03740998
3.386863889,0,0,0.037224294
3.403544444,0,0,0.037655776
3.420222222,0,0,0.03761194
3.436897222,0,0,0.037498317
3.453580556,0,0,0.037803476
3.470261111,0,0,0.03807947
3.486944444,0,0,0.03783238
3.503647222,0,0,0.036963739
3.520327778,0,0,0.036952236
3.537019444,0,0,0.037811799
3.5537,0,0,0.036848713
3.570383333,0,0,0.036592828
3.587086111,0,0,0.036860582
3.603769444,0,0,0.036944427
3.620463889,0,0,0.036224251
3.637144444,0,0,0.037534211
3.653830556,0,0,0.038114696
3.670508333,0,0,0.038889298
3.687186111,0,0,0.038288449
3.703875,0,0,0.037351898
3.720552778,0,0,0.037646898
3.737236111,0,0,0.038169534
3.753913889,0,0,0.037952097
3.770591667,0,0,0.037813985
3.787269444,0,0,0.037650704
3.80395,0,0,0.037382576
3.820630556,0,0,0.036802904
3.837308333,0,0,0.037417655
3.854005556,0,0,0.03776252
3.870691667,0,0,0.037064817
3.887372222,0,0,0.036845709
3.90405,0,0,0.037635117
3.920733333,0,0,0.036359316
3.937411111,0,0,0.037196902
3.954091667,0,0,0.037238521
3.970772222,0,0,0.037957019
3.987452778,0,0,0.037556803
4.004133333,0,0,0.038464253
4.020813889,0,0,0.037224265
4.037488889,0,0,0.037203544
4.054186111,0,0,0.037365717
4.070863889,0,0,0.036864912
4.087541667,0,0,0.037531221
4.104236111,0,0,0.037317784
4.120911111,0,0,0.037706308
4.137605556,0,0,0.036919764
4.154302778,0,0,0.037536092
4.170983333,0,0,0.036182486
4.187661111,0,0,0.036731118
4.204341667,0,0,0.037833073
4.221019444,0,0,0.038495124
4.237719444,0,0,0.037532064
4.2544,0,0,0.03795784
4.271077778,0,0,0.037607973
4.287758333,0,0,0.037532615
4.304436111,0,0,0.037053861
4.321122222,0,0,0.037739564
4.3378,0,0,0.037029943
4.354477778,0,0,0.036831263
4.371180556,0,0,0.037472881
4.387880556,0,0,0.037324633
4.404558333,0,0,0.037189322
4.421236111,0,0,0.037241202
4.437916667,0,0,0.037383178
4.4546,0,0,0.038202247
4.471280556,0,0,0.037709399
4.487952778,0,0,0.038240781
4.504644444,0,0,0.037322354
4.521327778,0,0,0.037485543
4.538008333,0,0,0.037820336
4.554688889,0,0,0.037609866
4.571380556,0,0,0.036693164
4.588061111,0,0,0.03767077
4.604741667,0,0,0.037399936
4.621419444,0,0,0.037089052
4.638105556,0,0,0.037281127
4.654819444,0,0,0.03700892
4.671522222,0,0,0.037389223
4.688205556,0,0,0.03687407
4.704886111,0,0,0.036600048
4.721563889,0,0,0.037184163
4.738244444,0,0,0.037678
4.754925,0,0,0.037900468
4.771619444,0,0,0.03767076
4.788305556,0,0,0.037986174
4.804983333,0,0,0.037838574
4.821661111,0,0,0.037589459
4.838347222,0,0,0.037352769
4.855027778,0,0,0.037680775
4.871702778,0,0,0.037721943
4.888383333,0,0,0.037020489
4.905063889,0,0,0.037539725
4.921741667,0,0,0.037143957
4.938416667,0,0,0.036195336
4.9551,0,0,0.037512781
4.971780556,0,0,0.037200227
4.988458333,0,0,0.037507364
5.005138889,0,0,0.037344398
5.021825,0,0,0.038310061
5.038502778,0,0,0.038155464
5.055183333,0,0,0.038181309
5.071866667,0,0,0.037496682
5.088552778,0,0,0.037105629
5.105230556,0,0,0.037446809
5.121911111,0,0,0.037307171
5.138588889,0,0,0.036582387
5.155280556,0,0,0.037266684
5.171961111,0,0,0.037107396
5.188641667,0,0,0.037202476
5.205325,0,0,0.036478365
5.222002778,0,0,0.036815175
5.238683333,0,0,0.037700865
5.255363889,0,0,0.038189335
5.272052778,0,0,0.037373669
5.288733333,0,0,0.037876131
5.305413889,0,0,0.037419094
5.322094444,0,0,0.038164666
5.338775,0,0,0.037389933
5.355452778,0,0,0.037412471
5.372133333,0,0,0.036683417
5.388811111,0,0,0.036780014
5.405491667,0,0,0.037455372
5.422175,0,0,0.037119572
5.438863889,0,0,0.037770613
5.455547222,0,0,0.037616511
5.472230556,0,0,0.036432615
5.488913889,0,0,0.036405749
5.505591667,0,0,0.03616796
5.522269444,0,0,0.037792442
5.538947222,0,0,0.037471511
5.555625,0,0,0.038127138
5.572336111,0,0,0.037799504
5.589016667,0,0,0.037899861
5.605694444,0,0,0.037326911
5.622388889,0,0,0.037982609
5.639066667,0,0,0.037909408
5.655741667,0,0,0.037070701
5.672422222,0,0,0.036767017
5.6891,0,0,0.03814419
5.705775,0,0,0.037408939
5.722455556,0,0,0.036709638
5.739138889,0,0,0.036102369
5.755833333,0,0,0.036807558
5.772516667,0,0,0.036206897
5.789208333,0,0,0.037198038
5.805891667,0,0,0.036969276
5.822566667,0,0,0.03662401
5.839244444,0,0,0.037155544
5.855922222,0,0,0.037916983
5.872597222,0,0,0.037944553
5.889277778,0,0,0.037989851
5.905955556,0,0,0.037848329
5.922647222,0,0,0.037202183
5.939325,0,0,0.037351443
5.956011111,0,0,0.038001504
5.972688889,0,0,0.036835098
5.989369444,0,0,0.037692516
6.006044444,0,0,0.037495815
6.022730556,0,0,0.036864932
6.039411111,0,0,0.036893447
6.056088889,0,0,0.036622767
6.072769444,0,0,0.037074982
6.08945,0,0,0.038111134
6.106125,0,0,0.03823697
6.122802778,0,0,0.037776579
6.139486111,0,0,0.036752571
6.156175,0,0,0.037946277
6.17285,0,0,0.037366434
6.189527778,0,0,0.037419355
6.206208333,0,0,0.037362637
6.222888889,0,0,0.036935119
6.239569444,0,0,0.037508985
6.256252778,0,0,0.037301187
6.272930556,0,0,0.036860582
6.289608333,0,0,0.036993694
6.306288889,0,0,0.037807839
6.322969444,0,0,0.037760964
6.339647222,0,0,0.037547893
6.356322222,0,0,0.037397714
6.373005556,0,0,0.037124377
6.389683333,0,0,0.037868841
6.406361111,0,0,0.037878268
6.423041667,0,0,0.037049032
6.439719444,0,0,0.037181871
6.4564,0,0,0.036790155
6.473075,0,0,0.037626246
6.489755556,0,0,0.037976391
6.506438889,0,0,0.03737105
6.523119444,0,0,0.036986808
6.539797222,0,0,0.037591051
6.556477778,0,0,0.037709682
6.573158333,0,0,0.037634773
6.589836111,0,0,0.037663603
6.606513889,0,0,0.038481198
6.623194444,0,0,0.037306397
6.639877778,0,0,0.037801389
6.656563889,0,0,0.038387852
6.673241667,0,0,0.037959668
6.689922222,0,0,0.037559002
6.706608333,0,0,0.036984627
6.723288889,0,0,0.036905966
6.739969444,0,0,0.037737105
6.756647222,0,0,0.037111011
6.773330556,0,0,0.037797699
6.790013889,0,0,0.03690631
6.806694444,0,0,0.036882223
6.823375,0,0,0.036711352
6.840055556,0,0,0.036892255
6.856733333,0,0,0.037606279
6.873413889,0,0,0.036987522
6.890091667,0,0,0.037619699
6.906772222,0,0,0.037597656
6.92345,0,0,0.037922221
6.940133333,0,0,0.037701613
6.956813889,0,0,0.038148072
6.973491667,0,0,0.038206439
6.990172222,0,0,0.036580837
7.006855556,0,0,0.037093303
7.023533333,0,0,0.037378895
7.040233333,0,0,0.037390917
7.056913889,0,0,0.03690966
7.073597222,0,0,0.037000735
7.090291667,0,0,0.036849181
7.106966667,0,0,0.036700649
7.123647222,0,0,0.037824256
7.140327778,0,0,0.037929837
7.157005556,0,0,0.037465126
7.173683333,0,0,0.036732629
7.190375,0,0,0.037891156
7.207063889,0,0,0.037342261
7.223741667,0,0,0.036780317
7.240422222,0,0,0.037328348
7.257102778,0,0,0.036989386
7.273816667,0,0,0.037542013
7.290519444,0,0,0.036677909
7.3072,0,0,0.037043796
7.323883333,0,0,0.03688824
7.340583333,0,0,0.037023163
7.357261111,0,0,0.03731771
7.373936111,0,0,0.038630057
7.390616667,0,0,0.037912358
7.407294444,0,0,0.037675433
7.423997222,0,0,0.037562438
7.440675,0,0,0.037218603
7.457352778,0,0,0.036243822
7.474036111,0,0,0.037906381
7.490727778,0,0,0.037298708
7.507408333,0,0,0.036945972
7.524086111,0,0,0.0378
7.540763889,0,0,0.037446482
7.557444444,0,0,0.036959339
7.574136111,0,0,0.037567442
7.590813889,0,0,0.038164726
7.607491667,0,0,0.038239692
7.624166667,0,0,0.037943782
7.640844444,0,0,0.037946583
7.657522222,0,0,0.037636228
7.674236111,0,0,0.038329479
7.690922222,0,0,0.037714209
7.7076,0,0,0.036860199
7.724280556,0,0,0.038034973
7.740961111,0,0,0.037305159
7.757663889,0,0,0.037023045
7.774358333,0,0,0.036900599
7.791080556,0,0,0.037350789
7.807763889,0,0,0.037104585
7.82445,0,0,0.037069396
7.841125,0,0,0.037761114
7.857805556,0,0,0.037946737
7.874483333,0,0,0.038049265
7.891163889,0,0,0.037749088
7.907841667,0,0,0.037817171
7.924519444,0,0,0.037270376
7.9412,0,0,0.037343853
7.957880556,0,0,0.036859282
7.974558333,0,0,0.037629413
7.991238889,0,0,0.038348083
8.007919444,0,0,0.036604313
8.024608333,0,0,0.038075482
8.041291667,0,0,0.037875258
8.057975,0,0,0.036427383
8.074652778,0,0,0.0373989
8.091336111,0,0,0.037020769
8.108022222,0,0,0.037159424
8.124702778,0,0,0.037078373
8.141380556,0,0,0.037622469
8.158058333,0,0,0.037853829
8.174744444,0,0,0.037454903
8.191422222,0,0,0.037613141
8.208102778,0,0,0.038111251
8.224777778,0,0,0.037278535
8.241458333,0,0,0.03745541
8.258138889,0,0,0.037894877
8.274819444,0,0,0.037239451
8.2915,0,0,0.037055521
8.308183333,0,0,0.037297088
8.324877778,0,0,0.037249826
8.341555556,0,0,0.036576577
8.358236111,0,0,0.036179028
8.374913889,0,0,0.036635248
8.391588889,0,0,0.037529961
8.408283333,0,0,0.037183242
8.424975,0,0,0.037422991
8.441663889,0,0,0.037742335
8.458347222,0,0,0.037711578
8.475027778,0,0,0.037235432
8.491708333,0,0,0.037204204
8.508391667,0,0,0.037448079
8.525066667,0,0,0.037309546
8.541744444,0,0,0.037022973
8.558425,0,0,0.036300409
8.575105556,0,0,0.037746958
8.591786111,0,0,0.037039354
8.608463889,0,0,0.037228672
8.625141667,0,0,0.036937869
8.641822222,0,0,0.037197177
8.6585,0,0,0.037946737
8.675177778,0,0,0.037404478
8.691855556,0,0,0.038008045
8.708530556,0,0,0.03820287
8.725213889,0,0,0.03725792
8.741894444,0,0,0.037904427
8.758575,0,0,0.036768416
8.77525,0,0,0.03703939
8.791930556,0,0,0.036848073
8.808616667,0,0,0.03672212
8.825294444,0,0,0.036925349
8.841983333,0,0,0.037593028
8.858658333,0,0,0.03679032
8.875338889,0,0,0.036398
8.892016667,0,0,0.037553157
8.908697222,0,0,0.037977339
8.925375,0,0,0.038117219
8.942052778,0,0,0.03832259
8.958733333,0,0,0.037748433
8.975433333,0,0,0.038080836
8.992113889,0,0,0.037671233
9.008794444,0,0,0.037997957
9.025472222,0,0,0.037570363
9.042152778,0,0,0.037653587
9.058836111,0,0,0.037020658
9.075513889,0,0,0.036600344
9.092197222,0,0,0.036473257
9.108891667,0,0,0.036451128
9.125572222,0,0,0.036822164
9.142255556,0,0,0.037109008
9.158947222,0,0,0.03694949
9.175627778,0,0,0.037145401
9.192302778,0,0,0.038481272
9.208977778,0,0,0.038033526
9.225655556,0,0,0.038592673
9.242336111,0,0,0.03775139
9.259041667,0,0,0.03722314
9.275719444,0,0,0.037707077
9.292402778,0,0,0.037583097
9.309083333,0,0,0.037025215
9.325769444,0,0,0.03681523
9.34245,0,0,0.036656709
9.359138889,0,0,0.036753351
9.375819444,0,0,0.036827891
9.3925,0,0,0.037062203
9.409188889,0,0,0.037115325
9.425869444,0,0,0.03669056
9.44255,0,0,0.037142857
9.459225,0,0,0.037574722
9.475919444,0,0,0.038320537
9.492608333,0,0,0.038072289
9.509288889,0,0,0.036336762
9.525977778,0,0,0.037397507
9.542658333,0,0,0.037083754
9.559338889,0,0,0.037985747
9.576019444,0,0,0.03729891
9.592694444,0,0,0.03798995
9.609372222,0,0,0.037405063
9.626061111,0,0,0.036872884
9.642736111,0,0,0.037169011
9.659416667,0,0,0.036812847
9.676097222,0,0,0.037335429
9.692783333,0,0,0.038083798
9.709475,0,0,0.038109223
9.726152778,0,0,0.037430684
9.742833333,0,0,0.03751234
9.759519444,0,0,0.037997957
9.776208333,0,0,0.036819036
9.792891667,0,0,0.037172339
9.809572222,0,0,0.037495903
9.826255556,0,0,0.036956791
9.842936111,0,0,0.036584636
9.859611111,0,0,0.037278069
9.876294444,0,0,0.037087235
9.892972222,0,0,0.037454615
9.90965,0,0,0.037780803
9.926344444,0,0,0.037423608
9.943019444,0,0,0.038240786
9.959716667,0,0,0.037463008
9.976397222,0,0,0.036771821
9.993075,0,0,0.037003956
10.00975556,0,0,0.037158681
10.02643333,0,0,0.037368524
10.04311389,0,0,0.036995446
10.05979167,0,0,0.037479595
10.076475,0,0,0.037393368
10.09315278,0,0,0.036556816
10.10984444,0,0,0.03710913
10.12652222,0,0,0.037513534
10.14320556,0,0,0.036407767
10.15988333,0,0,0.037627097
10.17656389,0,0,0.037378865
10.19323889,0,0,0.037722717
10.20992222,0,0,0.038037065
10.2266,0,0,0.038354254
10.24328056,0,0,0.03743459
10.25996111,0,0,0.037581482
10.27663889,0,0,0.037512471
10.29331944,0,0,0.037474568
10.31000278,0,0,0.038098495
10.32668333,0,0,0.037930805
10.34336389,0,0,0.037644852
10.360075,0,0,0.037203701
10.37675556,0,0,0.037941823
10.39343333,0,0,0.037179406
10.41011389,0,0,0.037814587
10.42679167,0,0,0.036787689
10.44346944,0,0,0.037565352
10.46015,0,0,0.03790107
10.47683333,0,0,0.03736395
10.49350833,0,0,0.03815844
10.51018889,0,0,0.038440189
10.52686667,0,0,0.03745294
10.54354444,0,0,0.038111413
10.560225,0,0,0.036213697
10.57690833,0,0,0.037597911
10.59358889,0,0,0.036726844
10.61026944,0,0,0.036810566
10.62694722,0,0,0.037027833
10.643625,0,0,0.03634049
10.66030278,0,0,0.03728899
10.67698056,0,0,0.037665036
10.69365556,0,0,0.038075728
10.71033333,0,0,0.037829629
10.72701389,0,0,0.037340018
10.74369167,0,0,0.037089596
10.76037222,0,0,0.037916347
10.77705,0,0,0.037632615
10.79375,0,0,0.037942035
10.81043889,0,0,0.037766617
10.82712222,0,0,0.037055805
10.84380278,0,0,0.036289587
10.86048333,0,0,0.036797337
10.87716389,0,0,0.0368125
10.89384444,0,0,0.037023659
10.91052222,0,0,0.036406068
10.9272,0,0,0.037453886
10.94387778,0,0,0.037476125
10.96056667,0,0,0.037925112
10.97724167,0,0,0.038744589
10.99394167,0,0,0.038152196
11.01064722,0,0,0.03756468
11.02732778,0,0,0.037932215
11.04400833,0,0,0.037880314
11.06069167,0,0,0.037060621
11.07736944,0,0,0.037431074
11.09404722,0,0,0.036865791
11.110725,0,0,0.037593508
11.12740278,0,0,0.037732283
11.14408333,0,0,0.036528329
11.16076111,0,0,0.038047756
11.17744167,0,0,0.038581339
11.19411667,0,0,0.03845614
11.21080556,0,0,0.037227046
11.22748333,0,0,0.037090955
11.24416389,0,0,0.037125826
11.26084444,0,0,0.037504909
11.27752222,0,0,0.037160254
11.29420278,0,0,0.037387302
11.31088333,0,0,0.037687952
11.32757222,0,0,0.037328593
11.34425278,0,0,0.037511145
11.36092778,0,0,0.037108318
11.37760833,0,0,0.036813963
11.39428333,0,0,0.037570155
11.41096111,0,0,0.037994869
11.42764167,0,0,0.038469789
11.44432222,0,0,0.038162102
11.46102778,0,0,0.037090433
11.47770556,0,0,0.037541528
11.49438611,0,0,0.037759893
11.51106667,0,0,0.037671681
11.52774444,0,0,0.037578288
11.544425,0,0,0.037422037
11.56110833,0,0,0.036942365
11.57778889,0,0,0.036665472
11.59446944,0,0,0.037204059
11.61114722,0,0,0.036262698
11.62783889,0,0,0.036571698
11.64451944,0,0,0.03744869
11.66119722,0,0,0.037285795
11.67788056,0,0,0.037071305
11.69455833,0,0,0.037777481
11.71123333,0,0,0.036999364
11.72791111,0,0,0.037718308
11.74459444,0,0,0.037046666
11.76127222,0,0,0.037149356
11.77795278,0,0,0.037406644
11.79464722,0,0,0.036773283
11.81134722,0,0,0.036782169
11.82803611,0,0,0.037617757
11.84471667,0,0,0.037701743
11.86140278,0,0,0.036842105
11.87808333,0,0,0.036465138
11.89476111,0,0,0.038518104
11.91143611,0,0,0.037164531
11.92811389,0,0,0.038547125
11.94479167,0,0,0.037820958
11.96147222,0,0,0.037557756
11.97815278,0,0,0.037055615
11.99485,0,0,0.036928084
12.01152778,0,0,0.036935019
12.02820278,0,0,0.037117632
12.04489722,0,0,0.036756162
12.06158056,0,0,0.037255145
12.07827222,0,0,0.037290476
12.09495278,0,0,0.037512716
12.11163333,0,0,0.037884346
12.12831389,0,0,0.037640149
12.14499167,0,0,0.039144288
12.16168611,0,0,0.038247863
12.17838611,0,0,0.037725381
12.19506667,0,0,0.037718997
12.21174722,0,0,0.03775139
12.22843333,0,0,0.037547272
12.24512778,0,0,0.036777806
12.26180556,0,0,0.037692516
12.27848333,0,0,0.037365963
12.29516389,0,0,0.037762616
12.31184444,0,0,0.037787043
12.32853889,0,0,0.037787043
12.34521667,0,0,0.037274168
12.36191111,0,0,0.036531875
12.37859444,0,0,0.036784088
12.39527222,0,0,0.03737904
12.41195278,0,0,0.037155709
12.42863333,0,0,0.037774637
12.44530833,0,0,0.037351334
12.46198611,0,0,0.037851453
12.47866667,0,0,0.037502442
12.49535,0,0,0.037304611
12.51203056,0,0,0.038375663
12.52871111,0,0,0.037490338
12.5454,0,0,0.037463791
12.5621,0,0,0.038324908
12.57878333,0,0,0.037843074
12.59546667,0,0,0.036962787
12.61215556,0,0,0.036967113
12.62884167,0,0,0.036968917
12.64551667,0,0,0.036287549
12.66219722,0,0,0.037884615
12.67888056,0,0,0.038008565
12.69555833,0,0,0.037429944
12.71223333,0,0,0.037848182
12.72893611,0,0,0.037730634
12.74561389,0,0,0.038179769
12.76229167,0,0,0.037719058
12.77897222,0,0,0.037970314
12.79565278,0,0,0.03816952
12.81233889,0,0,0.037908321
12.82902222,0,0,0.037255029
12.84570278,0,0,0.036913386
12.86240556,0,0,0.037193469
12.87908333,0,0,0.037368253
12.89576389,0,0,0.037982196
12.91244167,0,0,0.036754927
12.929125,0,0,0.036746809
12.94581389,0,0,0.037189828
12.96250833,0,0,0.038224836
12.97918333,0,0,0.037846093
12.99586389,0,0,0.037530506
13.01254167,0,0,0.037840427
13.02922222,0,0,0.037411594
13.0459,0,0,0.038628133
13.06258333,0,0,0.038138825
13.07928056,0,0,0.037787891
13.09596111,0,0,0.037555826
13.11263889,0,0,0.037337875
13.12931944,0,0,0.036735198
13.14599722,0,0,0.037502429
13.162675,0,0,0.037863242
13.17935556,0,0,0.036833089
13.19603611,0,0,0.037046292
13.21271111,0,0,0.037534546
13.22939722,0,0,0.036975102
13.246075,0,0,0.038328939
13.26275556,0,0,0.038143762
13.27944444,0,0,0.03848363
13.29612778,0,0,0.037807957
13.31280833,0,0,0.037876179
13.32948611,0,0,0.037473795
13.34616667,0,0,0.03832972
13.36284444,0,0,0.037327458
13.379525,0,0,0.037797699
13.39620278,0,0,0.037090498
13.41290278,0,0,0.037967985
13.42958333,0,0,0.037399709
13.44626667,0,0,0.037108765
13.46295278,0,0,0.036954693
13.47964444,0,0,0.037501568
13.49632222,0,0,0.036988032
13.51300278,5.5,0,0.034849904
13.52968611,5.5,0,0.03610972
13.54637778,5.5,0,0.036461064
13.56305278,5.5,0,0.036886489
13.57973333,5.5,0,0.038093352
13.59641111,5.5,0,0.037678823
13.6131,5.5,0,0.037444496
13.62978611,5.5,0,0.037909631
13.64646667,5.5,0,0.037789923
13.66314444,5.5,0,0.038511261
13.67982778,5.5,0,0.037576591
13.69650278,5.5,0,0.038525407
13.71318333,5.5,0,0.038192887
13.72986389,5.5,0,0.038567313
13.74653889,5.5,0,0.037847137
13.76321667,5.5,0,0.038210682
13.77989722,5.5,0,0.038463956
13.796575,5.5,0,0.039267192
13.81325556,5.5,0,0.040202799
13.82993611,5.5,0,0.040245469
13.84661667,5.5,0,0.040282537
13.86330833,5.5,0,0.039483871
13.87998889,5.5,0,0.040497384
13.89667222,5.5,0,0.041248453
13.91334444,5.5,0,0.041032121
13.930025,5.5,0,0.040179406
13.94670556,5.5,0,0.041193914
13.96338333,5.5,0,0.04094841
13.98006389,5.5,0,0.041531514
13.99675278,5.5,0,0.0422916
14.01343056,5.5,0,0.041651399
14.03011389,5.5,0,0.041656634
14.04679167,5.5,0,0.043850477
14.06346944,5.5,0,0.042999874
14.08015833,5.5,0,0.044147157
14.09684722,5.5,0,0.044311132
14.11353056,5.5,0,0.04500743
14.13021944,5.5,0,0.044696603
14.14690833,5.5,0,0.04505427
14.16358611,5.5,0,0.045417404
14.18028056,5.5,0,0.045220151
14.19696111,5.5,0,0.046388246
14.21364167,5.5,0,0.046975723
14.230325,5.5,0,0.046796731
14.247,5.5,0,0.04724461
14.26368056,5.5,0,0.046862137
14.28035833,5.5,0,0.048751486
14.29703889,5.5,0,0.048630845
14.31371667,5.5,0,0.048353845
14.33040278,5.5,0,0.04883214
14.34708333,5.5,0,0.049022066
14.36376389,5.5,0,0.051667757
14.38044167,5.5,0,0.050311791
14.397125,5.5,0,0.049561283
14.41380278,5.5,0,0.04981774
14.43048333,5.5,0,0.050802139
14.44716111,5.5,0,0.049819308
14.46383889,5.5,0,0.05130597
14.48051944,5.5,0,0.051798657
14.49719722,5.5,0,0.051847477
14.51387778,5.5,0,0.052359109
14.53055556,5.5,0,0.054165819
14.54723611,5.5,0,0.051463415
14.56391667,5.5,0,0.052526637
14.58061389,5.5,0,0.05193864
14.59729167,5.5,0,0.053161652
14.61396944,5.5,0,0.05420984
14.63065,5.5,0,0.053951261
14.64732778,5.5,0,0.052081974
14.66400833,5.5,0,0.054407713
14.68069722,5.5,0,0.054254673
14.69737778,5.5,0,0.054340534
14.71405833,5.5,0,0.054352803
14.73075278,5.5,0,0.055086133
14.74743333,5.5,0,0.056685068
14.76411111,5.5,0,0.053734779
14.78079167,5.5,0,0.056459392
14.79746944,5.5,0,0.056637393
14.81416667,5.5,0,0.055508475
14.83085278,5.5,0,0.057423056
14.84753333,5.5,0,0.057137323
14.86421944,5.5,0,0.056964601
14.8809,5.5,0,0.056857143
14.89758056,5.5,0,0.057288306
14.91428333,5.5,0,0.057481881
14.93096111,5.5,0,0.058985507
14.94763889,5.5,0,0.056649257
14.96432222,5.5,0,0.058476693
14.981,5.5,0,0.057514162
14.99768056,5.5,0,0.057333939
15.01435833,5.5,0,0.057962567
15.03103611,5.5,0,0.05848564
15.04771667,5.5,0,0.057978321
15.06441111,5.5,0,0.057833859
15.08109722,5.5,0,0.056710888
15.09778056,5.5,0,0.05785124
15.11446389,5.5,0,0.060387391
15.13116667,5.5,0,0.059878773
15.14784722,5.5,0,0.060433656
15.164525,5.5,0,0.06095097
15.1812,5.5,0,0.058487133
15.19787778,5.5,0,0.058212626
15.21456389,5.5,0,0.059926971
15.23125278,5.5,0,0.058244573
15.24793611,5.5,0,0.060237616
15.26461389,5.5,0,0.060829939
15.28129167,5.5,0,0.059749054
15.29797778,5.5,0,0.060717142
15.31465556,5.5,0,0.060243315
15.33133611,5.5,0,0.060662834
15.34801667,5.5,0,0.061199352
15.36469444,5.5,0,0.061335699
15.38137778,5.5,0,0.060520674
15.39806667,5.5,0,0.061091485
15.41475,5.5,0,0.063293538
15.43144167,5.5,0,0.061415458
15.44811667,5.5,0,0.062685796
15.46479444,5.5,0,0.060600105
15.481475,5.5,0,0.062755998
15.49816667,5.5,0,0.062078369
15.51485833,5.5,0,0.062104375
15.53153611,5.5,0,0.061992155
15.54822222,5.5,0,0.060405759
15.56491667,5.5,0,0.063074353
15.5816,5.5,0,0.061101382
15.59828056,5.5,0,0.064346138
15.61495833,5.5,0,0.064787576
15.63164444,5.5,0,0.064477453
15.64832778,5.5,0,0.06138894
15.66500278,5.5,0,0.061644665
15.68168333,5.5,0,0.065759038
15.69836111,5.5,0,0.063425727
15.71504444,5.5,0,0.065092493
15.731725,5.5,0,0.062118595
15.74841667,5.5,0,0.065092899
15.76510833,5.5,0,0.06563786
15.78178889,5.5,0,0.063778919
15.798475,5.5,0,0.063164478
15.81516111,5.5,0,0.062113042
15.83184444,5.5,0,0.06371001
15.848525,5.5,0,0.062865017
15.86520556,5.5,0,0.064814181
15.88188611,5.5,0,0.064044645
15.89856667,5.5,0,0.06449708
15.91526667,5.5,0,0.064838877
15.93195833,5.5,0,0.063853692
15.94864167,5.5,0,0.065443855
15.96531667,5.5,0,0.064613304
15.98201944,5.5,0,0.063847628
15.99871944,5.5,0,0.066355431
16.01541111,5.5,0,0.065430752
16.03209167,5.5,0,0.065027253
16.04878056,5.5,0,0.064080383
16.06546111,5.5,0,0.063756744
16.08214167,5.5,0,0.063600783
16.098825,5.5,0,0.063232488
16.11551667,5.5,0,0.063162809
16.1322,5.5,0,0.063150222
16.14888056,5.5,0,0.063282881
16.16555556,5.5,0,0.064741966
16.18223889,5.5,0,0.064478464
16.19891667,5.5,0,0.065008078
16.21559722,5.5,0,0.065911635
16.23228056,5.5,0,0.064516129
16.24896111,5.5,0,0.0656163
16.26565,5.5,0,0.064643474
16.282325,5.5,0,0.066456494
16.29900278,5.5,0,0.06600822
16.31568611,5.5,0,0.067348091
16.33238056,5.5,0,0.065018315
16.34906111,5.5,0,0.066776361
16.36573889,5.5,0,0.063151721
16.38241944,5.5,0,0.063476563
16.39909444,5.5,0,0.065089616
16.415775,5.5,0,0.063125216
16.43245278,5.5,0,0.065269546
16.44914444,5.5,0,0.065736912
16.46583611,5.5,0,0.064570202
16.48251111,5.5,0,0.066123126
16.4992,5.5,0,0.064727893
16.51589722,5.5,0,0.065158788
16.532575,5.5,0,0.066831683
16.54925556,5.5,0,0.066413662
16.56593056,5.5,0,0.067385266
16.58261389,5.5,0,0.0683858
16.5993,5.5,0,0.065740114
16.61598611,5.5,0,0.065863503
16.63268333,5.5,0,0.065885014
16.64937778,5.5,0,0.066566806
16.66605278,5.5,0,0.06861256
16.68273333,5.5,0,0.066317627
16.69941111,5.5,0,0.065126195
16.71608889,5.5,0,0.066132691
16.73277222,5.5,0,0.064988807
16.74946389,5.5,0,0.066509139
16.76614167,5.5,0,0.067465849
16.78283056,5.5,0,0.066085206
16.79951389,5.5,0,0.065549178
16.81619722,5.5,0,0.065490699
16.83287778,5.5,0,0.06544519
16.84956389,5.5,0,0.06449821
16.86626111,5.5,0,0.067224743
16.88293889,5.5,0,0.065002101
16.89961944,5.5,0,0.068361871
16.91629444,5.5,0,0.067607727
16.93297222,5.5,0,0.067370477
16.94967222,5.5,0,0.066525995
16.96635556,5.5,0,0.066804278
16.98303611,5.5,0,0.069550818
16.99973333,5.5,0,0.066431389
17.01641667,5.5,0,0.066463161
17.03309444,5.5,0,0.065867858
17.049775,5.5,0,0.066831513
17.06646111,5.5,0,0.064688995
17.08314167,5.5,0,0.065992138
17.09983333,5.5,0,0.066310976
17.11651389,5.5,0,0.06681444
17.13320278,5.5,0,0.068760611
17.14988056,5.5,0,0.068558839
17.16657222,5.5,0,0.068546334
17.18325556,5.5,0,0.06757087
17.19993611,5.5,0,0.071840587
17.21663056,5.5,0,0.070581557
17.23330833,5.5,0,0.068926483
17.25000833,5.5,0,0.0669838
17.26668333,5.5,0,0.068417317
17.28336389,5.5,0,0.068781543
17.30004167,5.5,0,0.068189807
17.31674167,5.5,0,0.068399357
17.33344444,5.5,0,0.06956827
17.35012778,5.5,0,0.068326733
17.36681944,5.5,0,0.067926757
17.38349722,5.5,0,0.067583194
17.400175,5.5,0,0.067677798
17.41686389,5.5,0,0.070099296
17.43355,5.5,0,0.06842372
17.45023056,5.5,0,0.068548387
17.46691111,5.5,0,0.07100973
17.48358889,5.5,0,0.06655891
17.50026667,5.5,0,0.071044403
17.51694722,5.5,0,0.070481774
17.53363056,5.5,0,0.067223747
17.55031111,5.5,0,0.067450453
17.56698889,5.5,0,0.067172338
17.58367778,5.5,0,0.066270752
17.60036389,5.5,0,0.066756575
17.61704722,5.5,0,0.069045282
17.63373333,5.5,0,0.068733154
17.65041667,5.5,0,0.068083432
17.66709444,5.5,0,0.068030724
17.68377778,5.5,0,0.068961047
17.70046111,5.5,0,0.067151754
17.71713889,5.5,0,0.069260503
17.733825,5.5,0,0.067314615
17.75051389,5.5,0,0.07044825
17.76718889,5.5,0,0.067401889
17.78386667,5.5,0,0.069666183
17.80054722,5.5,0,0.069190691
17.81722778,5.5,0,0.068606611
17.83391111,5.5,0,0.066203543
17.85058889,5.5,0,0.066978628
17.86726667,5.5,0,0.065859761
17.88397222,5.5,0,0.067592914
17.90065278,5.5,0,0.067795453
17.91733333,5.5,0,0.068879496
17.93401111,5.5,0,0.068529292
17.95068889,5.5,0,0.066459509
17.96736667,5.5,0,0.069346734
17.98404444,5.5,0,0.069349315
18.00072222,5.5,0,0.068564036
18.01740278,5.5,0,0.067146869
18.03408611,5.5,0,0.068939584
18.05077222,5.5,0,0.071914671
18.06745556,5.5,0,0.071090653
18.08413333,5.5,0,0.069826361
18.10081389,5.5,0,0.068315224
18.11748889,5.5,0,0.068666033
18.13416667,5.5,0,0.068333798
18.15084722,5.5,0,0.066272661
18.16752778,5.5,0,0.067137329
18.18421111,5.5,0,0.066529991
18.20088611,5.5,0,0.066898406
18.21756944,5.5,0,0.06694177
18.23424722,5.5,0,0.064859871
18.250925,5.5,0,0.067700987
18.26760556,5.5,0,0.068619792
18.28428611,5.5,0,0.067055756
18.30096944,5.5,0,0.068216175
18.31765556,5.5,0,0.066789252
18.33433889,5.5,0,0.068273337
18.351025,5.5,0,0.068111455
18.3677,5.5,0,0.068146444
18.38438056,5.5,0,0.068594389
18.40105833,5.5,0,0.066317864
18.41773889,5.5,0,0.067281421
18.43441667,5.5,0,0.067985934
18.45110278,5.5,0,0.066229039
18.46778333,5.5,0,0.066117829
18.48446667,5.5,0,0.068085388
18.50114444,5.5,0,0.069653435
18.51782778,5.5,0,0.069901595
18.53451111,5.5,0,0.068815104
18.55119444,5.5,0,0.067134762
18.567875,5.5,0,0.068009449
18.58456111,5.5,0,0.069255379
18.60124167,5.5,0,0.069126691
18.617925,5.5,0,0.068346437
18.63460278,5.5,0,0.068866857
18.65128611,5.5,0,0.066859664
18.66796667,5.5,0,0.065174195
18.68464444,5.5,0,0.067466887
18.70133056,5.5,0,0.066715591
18.71800833,5.5,0,0.065550907
18.73470278,5.5,0,0.066897498
18.75138889,5.5,0,0.067722306
18.76806389,5.5,0,0.066729382
18.78474167,5.5,0,0.069037931
18.80143056,5.5,0,0.068523712
18.81811111,5.5,0,0.06863171
18.8348,5.5,0,0.067431248
18.85148333,5.5,0,0.069800927
18.86816944,5.5,0,0.070637816
18.88484444,5.5,0,0.069947185
18.90154167,5.5,0,0.06995632
18.918225,5.5,0,0.067860834
18.93490278,5.5,0,0.069739018
18.95158056,5.5,0,0.066383431
18.96826111,5.5,0,0.066522904
18.98493889,5.5,0,0.06730452
19.00162222,5.5,0,0.068707392
19.01830556,5.5,0,0.067942771
19.03498333,5.5,0,0.069139524
19.05166389,5.5,0,0.068090532
19.06834722,5.5,0,0.068902477
19.08503056,5.5,0,0.06778014
19.10171389,5.5,0,0.070321506
19.11840278,5.5,0,0.069074933
19.13508056,5.5,0,0.071725991
19.15176111,5.5,0,0.070477735
19.16844167,5.5,0,0.068111455
19.185125,5.5,0,0.068433735
19.20180556,5.5,0,0.068781972
19.21848333,5.5,0,0.067328042
19.23516667,5.5,0,0.069888013
19.25184444,5.5,0,0.066780389
19.26853333,5.5,0,0.067438605
19.28521944,5.5,0,0.067528914
19.30190278,5.5,0,0.068305498
19.31858611,5.5,0,0.068540648
19.33526667,5.5,0,0.071285594
19.35194167,5.5,0,0.068879718
19.36861944,5.5,139,0.069837297
19.3853,5.5,139,0.070369093
19.40198333,5.5,139,0.074452098
19.41866389,5.5,139,0.070694166
19.43534444,5.5,139,0.072192876
19.45203056,5.5,139,0.069044261
19.46871944,5.5,139,0.06882428
19.48539444,5.5,139,0.069508868
19.50206944,5.5,139,0.070201542
19.51875556,5.5,139,0.06951695
19.53543333,5.5,139,0.068178954
19.55213333,5.5,139,0.071187785
19.56881389,5.5,139,0.069920761
19.58549167,5.5,139,0.070655271
19.60217222,5.5,139,0.070960836
19.61885278,5.5,139,0.072344206
19.63553333,5.5,139,0.071265784
19.65221389,5.5,139,0.071563894
19.66889444,5.5,139,0.071042998
19.68557222,5.5,139,0.070392057
19.70225,5.5,139,0.071019394
19.71893333,5.5,139,0.067311595
19.73561389,5.5,139,0.069638674
19.75229444,5.5,139,0.068298352
19.76898056,5.5,139,0.068730397
19.78565556,5.5,139,0.070881769
19.80233889,5.5,139,0.070831284
19.81902222,5.5,139,0.070526245
19.83570278,5.5,139,0.070069606
19.85238333,5.5,139,0.071240994
19.86906111,5.5,139,0.07156271
19.88574444,5.5,139,0.068980558
19.90242778,5.5,139,0.070918794
19.91910556,5.5,139,0.071625698
19.93578333,5.5,139,0.070960494
19.95246389,5.5,139,0.068118789
19.96914167,5.5,139,0.070891905
19.98582222,5.5,139,0.071458954
20.0025,5.5,139,0.0732457
20.01918056,5.5,139,0.070740382
20.03585556,5.5,139,0.068550497
20.05253056,5.5,139,0.067852737
20.06920556,5.5,139,0.069179894
20.08588889,5.5,139,0.068025902
20.10256944,5.5,139,0.069573643
20.11925,5.5,139,0.06900902
20.13593056,5.5,139,0.072223333
20.15262222,5.5,139,0.070453095
20.16930556,5.5,139,0.071469667
20.18598889,5.5,139,0.071929601
20.20266667,5.5,139,0.072429022
20.21934444,5.5,139,0.071376012
20.23601944,5.5,139,0.07122579
20.2527,5.5,139,0.070769848
20.26938056,5.5,139,0.068833519
20.28606944,5.5,139,0.070456019
20.30274444,5.5,139,0.066795034
20.31945,5.5,139,0.071212992
20.33613056,5.5,139,0.067226344
20.35281389,5.5,139,0.070822318
20.36949167,5.5,139,0.068645397
20.386175,5.5,139,0.068855863
20.40285556,5.5,139,0.070390106
20.41953889,5.5,139,0.070443803
20.43621389,5.5,139,0.069895886
20.45289167,5.5,139,0.06893575
20.46957222,5.5,139,0.072227611
20.48625556,5.5,139,0.074283811
20.50293056,5.5,139,0.068763989
20.51960833,5.5,139,0.068846588
20.53628889,5.5,139,0.067818783
20.55296667,5.5,139,0.06625412
20.56964722,5.5,139,0.067713377
20.586325,5.5,139,0.068526171
20.60300833,5.5,139,0.068178722
20.61968611,5.5,139,0.067987724
20.63636389,5.5,139,0.066692367
20.65304722,5.5,139,0.068687795
20.66973056,5.5,139,0.070020712
20.68641111,5.5,139,0.070772304
20.70308611,5.5,139,0.070934598
20.71976944,5.5,139,0.069165354
20.73645,5.5,139,0.070822076
20.75313056,5.5,139,0.070375
20.76981389,5.5,139,0.066731251
20.78649722,5.5,139,0.070960564
20.803175,5.5,139,0.071569188
20.81985278,5.5,139,0.07003475
20.83653056,5.5,139,0.06868743
20.85321111,5.5,139,0.069662438
20.86989167,5.5,139,0.069725434
20.88656667,5.5,139,0.068804505
20.90325,5.5,139,0.070617284
20.91992778,5.5,139,0.068385725
20.93661111,5.5,139,0.068367744
20.95328889,5.5,139,0.069346202
20.96996944,5.5,139,0.068720379
20.98664722,5.5,139,0.068854325
21.00332778,5.5,139,0.068002466
21.02001111,5.5,139,0.067963511
21.03669444,5.5,139,0.0696729
21.053375,5.5,139,0.07195666
21.07005278,5.5,139,0.070430926
21.08673333,5.5,139,0.067970889
21.10341389,5.5,139,0.067830282
21.12009167,5.5,139,0.066804408
21.136775,5.5,139,0.067448063
21.15345278,5.5,139,0.067363211
21.17013333,5.5,139,0.068994472
21.18681111,5.5,139,0.068387712
21.20348889,5.5,139,0.068049683
21.22016667,5.5,139,0.068718635
21.23684444,5.5,139,0.069095978
21.25352222,5.5,139,0.069094908
21.27020278,5.5,139,0.070436508
21.28688611,5.5,139,0.069784033
21.30356389,5.5,139,0.07108512
21.32024722,5.5,139,0.071423975
21.33692778,5.5,139,0.068845368
21.35360556,5.5,139,0.071298791
21.37028333,5.5,139,0.070673669
21.38696389,5.5,139,0.069016949
21.40364444,5.5,139,0.067414146
21.420325,5.5,139,0.066113435
21.43700556,5.5,139,0.068958
21.45368056,5.5,139,0.067992438
21.47037222,5.5,139,0.07041339
21.48705556,5.5,139,0.067912856
21.50373333,5.5,139,0.068777366
21.52041389,5.5,139,0.070635304
21.53709167,5.5,139,0.071413729
21.55377222,5.5,139,0.068252327
21.57045,5.5,139,0.07019047
21.58713333,5.5,139,0.072284264
21.60380833,5.5,139,0.068340906
21.62049167,5.5,139,0.073025833
21.63717778,5.5,139,0.072763158
21.65385833,5.5,139,0.07157709
21.67053333,5.5,139,0.071305525
21.68722778,5.5,139,0.070578502
21.70390556,5.5,139,0.069304336
21.72058611,5.5,139,0.067156279
21.73726944,5.5,139,0.070598242
21.75395,5.5,139,0.067822506
21.77063056,5.5,139,0.070420587
21.78730833,5.5,139,0.070381031
21.80398333,5.5,139,0.067042607
21.82066667,5.5,139,0.07006078
21.83734722,5.5,139,0.069632495
21.85403056,5.5,139,0.071213115
21.87070833,5.5,139,0.072072072
21.88738333,5.5,139,0.073314175
21.90406111,5.5,139,0.072347267
21.92075,5.5,139,0.06945276
21.93743056,5.5,139,0.072104834
21.95410833,5.5,139,0.072807134
21.97078889,5.5,139,0.068846816
21.98746944,5.5,139,0.066995398
22.00415,5.5,139,0.069365861
22.02083056,5.5,139,0.069835681
22.03750556,5.5,139,0.067611252
22.05418611,5.5,139,0.068939077
22.07086389,5.5,139,0.070063247
22.08754167,5.5,139,0.070396986
22.10422222,5.5,139,0.071468649
22.12090556,5.5,139,0.069374503
22.13758889,5.5,139,0.070035578
22.15426389,5.5,139,0.070743802
22.17094444,5.5,139,0.069718845
22.187625,5.5,139,0.072021613
22.20430833,5.5,139,0.071599045
22.22099167,5.5,139,0.070331847
22.23767222,5.5,139,0.071810089
22.25435278,5.5,139,0.069207154
22.27103333,5.5,139,0.069017524
22.28771111,5.5,139,0.068353182
22.30438611,5.5,139,0.067267919
22.32106389,5.5,139,0.071485944
22.33774444,5.5,139,0.068850676
22.35442222,5.5,139,0.067647445
22.37110278,5.5,139,0.070628415
22.38778333,5.5,139,0.069764363
22.40447778,5.5,139,0.069503822
22.42116389,5.5,139,0.071528658
22.43784444,5.5,139,0.071555526
22.45452222,5.5,139,0.072578481
22.4712,5.5,139,0.069490282
22.48788333,5.5,139,0.071374812
22.50456389,5.5,139,0.07224814
22.52124722,5.5,139,0.075657676
22.53793333,5.5,139,0.071628359
22.55461111,5.5,139,0.07054409
22.57128889,5.5,139,0.070994585
22.587975,5.5,139,0.071402761
22.60465278,5.5,139,0.068356846
22.62133056,5.5,139,0.0694224
22.63800833,5.5,139,0.069664903
22.65468889,5.5,139,0.072099428
22.67136944,5.5,139,0.069098516
22.68805278,5.5,139,0.069943913
22.70473056,5.5,139,0.072755734
22.72141111,5.5,139,0.072091316
22.73809722,5.5,139,0.071595939
22.75478056,5.5,139,0.071740807
22.77146667,5.5,139,0.073012158
22.78814722,5.5,139,0.072900567
22.80483333,5.5,139,0.073869476
22.82151667,5.5,139,0.072044523
22.83819444,5.5,139,0.074271055
22.85488611,5.5,139,0.074098021
22.87156944,5.5,139,0.072342421
22.88825,5.5,139,0.073265783
22.90492778,5.5,139,0.069937
22.92161944,5.5,139,0.070160367
22.93830556,5.5,139,0.068201829
22.95498889,5.5,139,0.070872274
22.97167222,5.5,139,0.070792768
22.98836111,5.5,139,0.068370524
23.00505833,5.5,139,0.067433384
23.02174167,5.5,139,0.071656375
23.03841944,5.5,139,0.071641593
23.0551,5.5,139,0.071691418
23.07178056,5.5,139,0.070003787
23.08846111,5.5,139,0.07270832
23.10514722,5.5,139,0.072393027
23.12182778,5.5,139,0.073492341
23.13851389,5.5,139,0.072167518
23.15519444,5.5,139,0.073540958
23.171875,5.5,139,0.070466253
23.18855278,5.5,139,0.069524595
23.20523056,5.5,139,0.070119411
23.22191389,5.5,139,0.071282521
23.23859444,5.5,139,0.069073679
23.255275,5.5,139,0.07042443
23.27195278,5.5,139,0.07199562
23.28863611,5.5,139,0.071852651
23.30531944,5.5,139,0.072379423
23.32199722,5.5,139,0.071396353
23.338675,5.5,139,0.071639681
23.35535833,5.5,139,0.071343265
23.37203333,5.5,139,0.07401078
23.38871944,5.5,139,0.071800273
23.40540833,5.5,139,0.072523109
23.4221,5.5,139,0.075111312
23.43877778,5.5,139,0.072221521
23.45545556,5.5,139,0.074762316
23.47213889,5.5,139,0.070649171
23.48881667,5.5,139,0.071681792
23.50549722,5.5,139,0.071503314
23.52217778,5.5,139,0.071704891
23.53885556,5.5,139,0.070610179
23.55553889,5.5,139,0.070001939
23.57222222,5.5,139,0.069727458
23.58890833,5.5,139,0.073463876
23.60559167,5.5,139,0.072302414
23.622275,5.5,139,0.072740113
23.638975,5.5,139,0.072484833
23.65566389,5.5,139,0.073469388
23.67235,5.5,139,0.073917167
23.68903333,5.5,139,0.072120363
23.70571944,5.5,139,0.071587939
23.72240556,5.5,139,0.0724846
23.73908611,5.5,139,0.072102817
23.75576667,5.5,139,0.071640495
23.77244722,5.5,139,0.069943549
23.78912778,5.5,139,0.069690948
23.80581111,5.5,139,0.071879209
23.82249167,5.5,139,0.070279768
23.83916667,5.5,139,0.070813719
23.85584722,5.5,139,0.070876632
23.87252778,5.5,139,0.070746073
23.88920833,5.5,139,0.073942701
23.90588889,5.5,139,0.072083794
23.92256667,5.5,139,0.07140624
23.93924722,5.5,139,0.075412042
23.95592222,5.5,139,0.071385028
23.97260556,5.5,139,0.073828499
23.98928889,5.5,139,0.072800439
24.00596944,5.5,139,0.07400722
24.02264722,5.5,139,0.071659092
24.039325,5.5,139,0.071858804
24.05600833,5.5,139,0.071174129
24.07268889,5.5,139,0.070632223
24.08936667,5.5,139,0.071739882
24.10604444,5.5,139,0.070968607
24.12272222,5.5,139,0.073079585
24.1394,5.5,139,0.070247404
24.15608056,5.5,139,0.07211412
24.17276111,5.5,139,0.071039635
24.18944167,5.5,139,0.070604293
24.20611944,5.5,139,0.073409356
24.2228,5.5,139,0.07165243
24.23948333,5.5,139,0.074336056
24.25616111,5.5,139,0.072822407
24.27284722,5.5,139,0.073001582
24.28952222,5.5,139,0.076592469
24.3062,5.5,139,0.074625907
24.32289167,5.5,139,0.071070234
24.33956944,5.5,139,0.073704889
24.35625,5.5,139,0.070012223
24.37292778,5.5,139,0.071022922
24.38960833,5.5,139,0.070766294
24.40628333,5.5,139,0.071535022
24.42296389,5.5,139,0.071586865
24.43964444,5.5,139,0.072427873
24.45632222,5.5,139,0.072119497
24.473,5.5,139,0.072440016
24.48967778,5.5,139,0.074971398
24.50635556,5.5,139,0.073459561
24.52303611,5.5,139,0.073063103
24.53971667,5.5,139,0.071894628
24.55642222,5.5,139,0.070788739
24.57310278,5.5,139,0.072478207
24.58978056,5.5,139,0.073175491
24.60646111,5.5,139,0.071847707
24.62313889,5.5,139,0.07193148
24.63981944,5.5,139,0.073257626
24.65650278,5.5,139,0.071128241
24.67318056,5.5,139,0.070501312
24.68986111,5.5,139,0.071919249
24.70656111,5.5,139,0.070102136
24.72323333,5.5,139,0.072242824
24.73991389,5.5,139,0.072368865
24.75659444,5.5,139,0.071742121
24.77327222,5.5,139,0.073160981
24.78995,5.5,139,0.073666777
24.80663056,5.5,139,0.073134328
24.82330833,5.5,139,0.072294454
24.83999167,5.5,139,0.073769974
24.85667778,5.5,139,0.074777714
24.87335,5.5,139,0.070249586
24.89003056,5.5,139,0.074421594
24.90670833,5.5,139,0.073766587
24.92339444,5.5,139,0.072209614
24.94006944,5.5,139,0.070699915
24.95675,5.5,139,0.069169156
24.97343056,5.5,139,0.071837208
24.99011111,5.5,139,0.072446131
25.00678889,5.5,139,0.071754546
25.02348611,5.5,139,0.070592194
25.04016667,5.5,139,0.070352755
25.05684444,5.5,139,0.072964617
25.073525,5.5,139,0.072420365
25.0902,5.5,139,0.072287564
25.10687778,5.5,139,0.070510373
25.12356111,5.5,139,0.07275704
25.14023889,5.5,139,0.073193167
25.15692222,5.5,139,0.073687622
25.17360556,5.5,139,0.073231516
25.19028333,5.5,139,0.075585197
25.20696389,5.5,139,0.072112778
25.22364167,5.5,139,0.073008582
25.24032222,5.5,139,0.0723759
25.257,5.5,139,0.074043203
25.27368056,5.5,139,0.073331927
25.29035556,5.5,139,0.072268176
25.30703333,5.5,139,0.069900635
25.32371389,5.5,139,0.070359281
25.34039167,5.5,139,0.071803118
25.35707222,5.5,139,0.071904402
25.37375833,5.5,139,0.070405885
25.39043889,5.5,139,0.072755734
25.40711667,5.5,139,0.070675443
25.42380278,5.5,139,0.073160954
25.44047778,5.5,139,0.073972235
25.45715833,5.5,139,0.073714969
25.47383333,5.5,139,0.074555267
25.49051944,5.5,139,0.074665797
25.50720278,5.5,139,0.073528494
25.52388889,5.5,139,0.076787922
25.54058611,5.5,139,0.074761102